Datetime,Tweet Id,Tweet,Media,Username
2022,1576735571636289537,"mas tem que ser muito BURRO mesmo pra, depois de tudo, apoiar esse cara nojento, BANDO DE FILHO DA PUTA que NAO sabe votar",,maapugin
2022,1576733658454839297,@AliceTomazzetti s√≥ engolindo mto √°lcool mesmo pra encarar toda essa bosta,,maapugin
2022,1576308155448819712,@anacruzzs vai dar!,,maapugin
2022,1550661650704998401,@AliceTomazzetti üòçüòç,,maapugin
2022,1533856451042631685,"@anacruzzs os dois, hater assumido e f√£ incubado",,maapugin
2022,1524872265728417793,@tatibercial @etserbu KKKKKK rindo de desespero pois isso nunca foi t√£o ver√≠dico q nem agr,,maapugin
2022,1495805218143227904,@vihsebin PARABENS VIT CARAIOOOOO,,maapugin
2022,1489049974419734530,vai se fuder mtoooooooooo,,maapugin
2022,1484917215258456064,@AliceTomazzetti @titchelx @vihsebin @anacruzzs @IsaNori2 @givebackmyeyes que saudade!!!! olha s√≥ como estamos em todo lugar sempre üòÆ‚Äçüí®,,maapugin
2021,1463846121097281542,@AliceTomazzetti KKKKKKKKKK me identifiquei tanto,,maapugin
2021,1462103729461768192,"eu tenho √© inveja de quem gosta de fazer enem, pq eu fa√ßo essa prova na for√ßa do √≥dio, literalmente. pior vest de todos",,maapugin
2021,1428143335076663300,@gi_aciari mais uma q entende!,,maapugin
2021,1428142535927648270,"@AliceTomazzetti isso ai √© vdd, eu gosto de frio, por√©m n√£o aguentava mais!! n√£o da vontade de fazer nada",,maapugin
2021,1428015155837865989,@anacruzzs üòâü•∞üëØ‚Äç‚ôÄÔ∏è,,maapugin
2021,1428005755316228103,"todo mundo reclamando do calor, mas porra, solzinho gostoso, da √ÇNIMO pra viver, mil vezes melhor do q dia escuro",,maapugin
2021,1427654985785954306,@anacruzzs üôèüèæüôèüèæüíóüíó,,maapugin
2021,1426571152697303050,tem coisa q a gnt acha q vai tirar de letra ne kk si fude,,maapugin
2021,1424513767833018370,"@isabelIedejour me identifiquei tanto, pqp",,maapugin
2021,1424513604016087040,@AliceTomazzetti gataaa,,maapugin
2021,1409953947985534977,esse frio da vontade de comer 24 horas por dia,,maapugin
2021,1407491298932801538,@anacruzzs üò≠ü•µ,,maapugin
2021,1407490758807064577,"@AliceTomazzetti pois √© amiga, acho q esse foi o maior choque da minha vida",,maapugin
2021,1407060097914785799,saudades de quando eu n√£o tinha ressaca,,maapugin
2021,1406208840664850434,@AliceTomazzetti @takingheads KKKKKKKKKKKKK a gente tarda mas n√£o falha,,maapugin
2021,1402375541009915906,@anacruzzs **quando vc me ver,,maapugin
2021,1397311869061320704,"pqp, meu celular √© meu pior inimigo",,maapugin
2021,1388150442551652352,@Thaaynaraa02 vem pra ca ver a genteeeee @laumilori,,maapugin
2021,1384562386045218816,@AliceTomazzetti https://t.co/enpJzKxr5i,"[Gif(thumbnailUrl='https://pbs.twimg.com/tweet_video_thumb/Ezb0JeWX0AQGhnm.jpg', variants=[VideoVariant(contentType='video/mp4', url='https://video.twimg.com/tweet_video/Ezb0JeWX0AQGhnm.mp4', bitrate=0)])]",maapugin
2021,1383018047502438403,@vihsebin aeeeeee vittt caraioooo ü§©,,maapugin
2021,1383017792207740930,"@isabelIedejour PARAB√âNS, JERBSSSS!",,maapugin
2021,1382661920113758221,a qualquer momento do dia minha cabe√ßa ta: pq n√£o um cafezinho?,,maapugin
2021,1379794071460442115,......... https://t.co/wrLDRzWvMP,,maapugin
2021,1376847349016854533,@AliceTomazzetti uhuuuuuuu üí´üí´,,maapugin
2021,1372261945743654912,"@GregsVitor n√£o foi criticando n√£o kk eu tbm exaltaria, foi s√≥ uma observa√ß√£o",,maapugin
2021,1372260098970693638,"ningu√©m ta nem ai pro curso desde q seja na fdp da usp n√©, n√£o √© tipo ‚Äúpassei em tal coisa‚Äù √© ‚Äúpassei NA USP‚Äù",,maapugin
2021,1371647368727298048,"@gi_aciari nossa, me irrita demaisssssss isso",,maapugin
2021,1370572317810638850,@AliceTomazzetti a m√£e da cleo pires,,maapugin
2021,1369044348151738372,@anacruzzs seu nome √© mentira? pq vc √© mt gata pra ser verdade,,maapugin
2021,1368014205635489794,@AliceTomazzetti eu tamb√©m toooo,,maapugin
2021,1358969593251975169,@AliceTomazzetti @vihsebin @givebackmyeyes @anacruzzs KKKKKKKKKK CARALHO,,maapugin
2021,1353462237654990851,"@IsaNori2 segundo e primeiro dia de enem = tudo chato igual, prova insuport√°vel",,maapugin
2021,1350937572483215360,como agradecer o universo pelas carteiras √≥timas do objetivo???,,maapugin
2021,1349785951942418433,@vihsebin muita risada,,maapugin
2021,1349785667707023361,@AliceTomazzetti sensatez,,maapugin
2021,1349779401198743557,@anacruzzs loucura,,maapugin
2020,1343041882377609216,#NovaFotoDoPerfil https://t.co/pOwCJEZDlJ,"[Photo(previewUrl='https://pbs.twimg.com/media/EqNxeUCWMAIpu3Q?format=jpg&name=small', fullUrl='https://pbs.twimg.com/media/EqNxeUCWMAIpu3Q?format=jpg&name=large')]",maapugin
2020,1333215059317821441,@IsaNori2 liiinda,,maapugin
2020,1332105162157121538,@AliceTomazzetti @Boopaes @anacruzzs @mirandakarolzi KKKKKKKK,,maapugin
2020,1326869569043124224,@AliceTomazzetti k k k eu ouvi um vou me ferrar na prova pq n fa√ßo ideia do q vcs t√£o falando?,,maapugin
2020,1321949725755609088,@AliceTomazzetti @vdm_jr @IsaNori2 kkkkkkkkkkkkkkk bora,,maapugin
2020,1321132338030514181,@gi_aciari me sinto menos mal kkkkk,,maapugin
2020,1321098477712117763,to t√£o desmotivada q sento e anoto o q tenho q fazer na agenda s√≥ pra fingir q to fazendo alguma coisa rs √© de fuder,,maapugin
2020,1321081972555456514,@vihsebin nossaaaaaaaa to mt feliz,,maapugin
2020,1320865807681921024,@AliceTomazzetti @vihsebin mais um pro time,,maapugin
2020,1320865742586368002,@AliceTomazzetti @vihsebin kkkkkkkkkkkkkk,,maapugin
2020,1320864443014746115,@vihsebin interessados em desabafar nos avisem pra gnt criar um grupo,,maapugin
2020,1320863766150565888,@b_pulgrossi JKKKKKKK compartilho da mesma reclama√ß√£o!,,maapugin
2020,1319444145841328130,@AliceTomazzetti üòç,,maapugin
2020,1319039987699077125,@vihsebin culpa daquela mulher insuportavel,,maapugin
2020,1318656256194891782,@vihsebin kkkkkkkkkkkkkk √© assim mesmo,,maapugin
2020,1317161960375349249,dia bom n√©........ p quem tem alguem p fazer um chameguin,,maapugin
2020,1315846292128571394,@rapfalando @AliceTomazzetti @anacruzzs @vihsebin @givebackmyeyes,,maapugin
2020,1304476252141768704,@vihsebin ai √© pra fuder com a gnt ü•≥ acabou meu sossego nessa merda!,,maapugin
2020,1304467359231508480,"@vihsebin atolada de tarefa??? vit√≥ria entao vc me informe quais sao, pois me encontro tranquila achando que n tenho nada pra fazer rs",,maapugin
2020,1300598725463683072,@AliceTomazzetti maraaavii,,maapugin
2020,1289049596564516864,#NovaFotoDoPerfil https://t.co/HmZS7kSDaw,"[Photo(previewUrl='https://pbs.twimg.com/media/EeOfxdKX0AA6RbO?format=jpg&name=small', fullUrl='https://pbs.twimg.com/media/EeOfxdKX0AA6RbO?format=jpg&name=large')]",maapugin
2020,1282004706399748097,"@AliceTomazzetti deu errado alice, cancela",,maapugin
2020,1279527461953441792,@anacruzzs @FatosEx ah ta mas eu tb sou assim rsrs,,maapugin
2020,1279527380734836743,@AliceTomazzetti @kaiquebritor tamo precisando fazer essa promessa,,maapugin
2020,1279194357157986305,"@anacruzzs @FatosEx dsclp, nao consigo me controlar",,maapugin
2020,1275446897990238209,"@AliceTomazzetti @ParasmoSerena @anacruzzs @alineeferrante @vihsebin o q vc est√° insunuando, alice?",,maapugin
2020,1274080568842563584,@anacruzzs https://t.co/MiiDo4Sngr,"[Gif(thumbnailUrl='https://pbs.twimg.com/tweet_video_thumb/Ea5xhJnWsAE-j8c.jpg', variants=[VideoVariant(contentType='video/mp4', url='https://video.twimg.com/tweet_video/Ea5xhJnWsAE-j8c.mp4', bitrate=0)])]",maapugin
2020,1274075269477928960,@anacruzzs kkkkkkkkkkkk vc decepcionada pq eu sai do seu lado,,maapugin
2020,1272571798689910785,@AliceTomazzetti 2:05,,maapugin
2020,1272536956304580608,@vihsebin 3:21,,maapugin
2020,1272150186748452865,@vihsebin kkkkkkkkkkk üíï para q fico sem gra√ßa,,maapugin
2020,1271484240706895874,@anacruzzs @vihsebin acho q vc ta confusa,,maapugin
2020,1271484134733611009,@vihsebin @anacruzzs isso ai num da pra respeitar,,maapugin
2020,1271454246177816576,"@vihsebin saudades de ouvir o sinal tocar pra ter 15 minutos de paz, mas agr esse croassaint nojento ai q vc e a @anacruzzs pegam....",,maapugin
2020,1267460157711278088,"@anacruzzs @vihsebin @_luizaseabra @gi_maielli @turnerboleyn @vinib_1 @filiperr02 @paulo_3st @analubma @Thabs_893 @imArthurCat @ItiMarias @KaykeBorges1 @itsbaixista @mariaritarufino @eudanydias @annasilxx @IsaNunes013 @mellynarr @daraalb @Analeopoldinob @drielleferreirx @DudaOlp @nassermour4 @diuare13 @thenajascr @biancanajas @rat0manucu @BadGalAlc @gratoness @kayroiwry @lihalves_s @hosslr @troyfav @detailsgriggs @angelsjxdn @goldenhossler @ifhudick @jadenxlowkey @skamhossler @aboutpankow @addisonpoems @ifhossler @baeavanii @hosslerlover #BLACK_LIVE_MATTER 
#VidasPretasImportam #ForaBolsonaro 
@laumilori @lu_malagutti @_joaocastroo @mirandakarolzi @BelliniClara",,maapugin
2020,1261341837874397189,@mirandakarolzi @dreamshyun bem q eu queriaa kkkkkk,,maapugin
2020,1257816430818533382,@anacruzzs @hywonart ela √© perfeita!!,,maapugin
2020,1256398394802745346,@anacruzzs ai ana luisa para vai,,maapugin
2020,1252759963308560392,@alineeferrante @tetecolie https://t.co/SP9NCthnsl,"[Gif(thumbnailUrl='https://pbs.twimg.com/tweet_video_thumb/EWKyihEX0AYdUi_.jpg', variants=[VideoVariant(contentType='video/mp4', url='https://video.twimg.com/tweet_video/EWKyihEX0AYdUi_.mp4', bitrate=0)])]",maapugin
2020,1252759813701996545,@laumilori @umdramaticasso KKKKKKKKK pf nunca mais me fa√ßa passar aquele frio,,maapugin
2020,1250475861884747776,@AliceTomazzetti QUE???,,maapugin
2020,1250028383054041092,@mirandakarolzi üòç,,maapugin
2020,1249794763949314053,@mirandakarolzi @ouiludida @_mateusmonte kkkkkkkkkkkkkkk new daddy,,maapugin
2020,1242616808617754626,@vihsebin !,,maapugin
2020,1242526471513690113,@Luca_rruggiero ‚úåüèΩ,,maapugin
2020,1242484167339683840,@vihsebin https://t.co/DLv5mkxqYo,"[Gif(thumbnailUrl='https://pbs.twimg.com/tweet_video_thumb/ET4wwYeWAAATc1k.jpg', variants=[VideoVariant(contentType='video/mp4', url='https://video.twimg.com/tweet_video/ET4wwYeWAAATc1k.mp4', bitrate=0)])]",maapugin
2020,1242408531975954432,@vihsebin @,,maapugin
2020,1242250734915256321,@isabelafurlan7 .,,maapugin
2020,1242249427517145095,@Mell42981451 !,,maapugin
2020,1240805677897048065,@alineeferrante perfect,,maapugin
2020,1233951747753861120,@AliceTomazzetti https://t.co/O9U7kdH8Z3,"[Gif(thumbnailUrl='https://pbs.twimg.com/tweet_video_thumb/ER_gkUQXUAEJnZa.jpg', variants=[VideoVariant(contentType='video/mp4', url='https://video.twimg.com/tweet_video/ER_gkUQXUAEJnZa.mp4', bitrate=0)])]",maapugin
2020,1217115670686699523,@alineeferrante @anacruzzs https://t.co/VHXh49D2NA,"[Gif(thumbnailUrl='https://pbs.twimg.com/tweet_video_thumb/EOQQPoXWkAImF1L.jpg', variants=[VideoVariant(contentType='video/mp4', url='https://video.twimg.com/tweet_video/EOQQPoXWkAImF1L.mp4', bitrate=0)])]",maapugin
2020,1213255117643878400,"@vihsebin imagina eu ent√£o, q fa√ßo em fevereiro",,maapugin
2019,1208222510719938560,@AliceTomazzetti bonita do inicio ate o fim,,maapugin
2019,1204967564213936128,@EvelynTabaresP kkkkkkkkkkkkkk,,maapugin
2019,1191474325032984576,"@bia_santana124 @vihsebin KKKKKKK ai Bia, s√≥ vc",,maapugin
2019,1189735348231905282,@lu_malagutti üòç,,maapugin
2019,1189735194300956679,@AliceTomazzetti te amoo,,maapugin
2019,1189735081662976002,@anacruzzs e vc do meu üòâ,,maapugin
2019,1189734294874398720,@nonxryder @isabellacabraI @Ale_fiochi @anacruzzs,,maapugin
2019,1189349842461626373,#NewProfilePic https://t.co/EML3d326fD,"[Photo(previewUrl='https://pbs.twimg.com/media/EIFrX1tWwAw8ubF?format=jpg&name=small', fullUrl='https://pbs.twimg.com/media/EIFrX1tWwAw8ubF?format=jpg&name=large')]",maapugin
2019,1189348676621291522,@isabellacabraI kkkkkkkkkkkkkkkk,,maapugin
2019,1187540434517671938,"@Ale_fiochi vix at√© da gringa ta dando patada, q isso",,maapugin
2019,1186041554710024193,@EvelynTabaresP ‚ù§Ô∏è‚ù§Ô∏è‚ù§Ô∏è‚ù§Ô∏è‚ù§Ô∏è,,maapugin
2019,1177797135988920320,@alineeferrante https://t.co/yH9HIALjHc,"[Gif(thumbnailUrl='https://pbs.twimg.com/tweet_video_thumb/EFhgPu4WsAAgDhN.jpg', variants=[VideoVariant(contentType='video/mp4', url='https://video.twimg.com/tweet_video/EFhgPu4WsAAgDhN.mp4', bitrate=0)])]",maapugin
2019,1173749553117442049,@greysanatombei @AliceTomazzetti @larapugin,,maapugin
2019,1173749121729073153,@AliceTomazzetti g a t a,,maapugin
2019,1172461393976672256,@gzonzinii @laumilori,,maapugin
2019,1170439919640166400,@anacruzzs https://t.co/vin3Lx6vav,"[Gif(thumbnailUrl='https://pbs.twimg.com/tweet_video_thumb/ED485VcXYAABKgF.jpg', variants=[VideoVariant(contentType='video/mp4', url='https://video.twimg.com/tweet_video/ED485VcXYAABKgF.mp4', bitrate=0)])]",maapugin
2019,1168160991735099393,@EvelynTabaresP relaax,,maapugin
2019,1167814705362198530,@mirandakarolzi https://t.co/GD9EiSfwqe,"[Gif(thumbnailUrl='https://pbs.twimg.com/tweet_video_thumb/EDTpRtDW4AAIRbW.jpg', variants=[VideoVariant(contentType='video/mp4', url='https://video.twimg.com/tweet_video/EDTpRtDW4AAIRbW.mp4', bitrate=0)])]",maapugin
2019,1166534630775934977,@mamattos77 rsü§£ü§≠ü§™,,maapugin
2019,1166534513662537728,@EvelynTabaresP whaaaaaaat?,,maapugin
2019,1163299313944059906,@LwithP @anacruzzs,,maapugin
2019,1162730175978778624,@anacruzzs digo o mesmo,,maapugin
2019,1159899000977469440,@AliceTomazzetti https://t.co/tvpgXnqKe8,"[Gif(thumbnailUrl='https://pbs.twimg.com/tweet_video_thumb/EBjJ_GGXYAAsO-R.jpg', variants=[VideoVariant(contentType='video/mp4', url='https://video.twimg.com/tweet_video/EBjJ_GGXYAAsO-R.mp4', bitrate=0)])]",maapugin
2019,1159874266663464960,@AliceTomazzetti @naosejatrouxa assim mesmo kkkkkkkkkkkkkk o pior √© q entendo,,maapugin
2019,1159277092758069248,@anacruzzs @mandellivaleria kkkkkkkkkkkk fofo,,maapugin
2019,1159196456810668032,@bichosmemes @anacruzzs,,maapugin
2019,1159196338719997954,@chapeus @laumilori,,maapugin
2019,1158778933460045825,@AliceTomazzetti tipo vc?,,maapugin
2019,1158416236767797248,@vihsebin @Meriyiyiy KKKKKKKKKKKKKKKK,,maapugin
2019,1158050222985109505,@laumilori @yurxe https://t.co/aTSKDbU1ZB,"[Gif(thumbnailUrl='https://pbs.twimg.com/tweet_video_thumb/EBI4hvCWwAIyjB8.jpg', variants=[VideoVariant(contentType='video/mp4', url='https://video.twimg.com/tweet_video/EBI4hvCWwAIyjB8.mp4', bitrate=0)])]",maapugin
2019,1156240815225757701,@vihsebin sensato,,maapugin
2019,1154924870926553088,"@AliceTomazzetti pqp, to chocada",,maapugin
2019,1152796481067343872,@Ale_fiochi vc √© bobo,,maapugin
2019,1150988258437976069,@AliceTomazzetti @_GSilvaa_ @anacruzzs @mirandakarolzi @BelliniClara KKKKKKKKKK n √© por querer,,maapugin
2019,1148951535340142592,@bia_santana124 maravilhosaüíï,,maapugin
2019,1148303620594647041,@rodrigoand1_ @anacruzzs se √© q vc se lembra kk,,maapugin
2019,1148045081611526144,@anacruzzs @CamilaRighi @AliceTomazzetti @alineeferrante KKKKKKKKKKKK,,maapugin
2019,1147192813488156672,@AliceTomazzetti gata,,maapugin
2019,1146896223359705092,@vihsebin üòç,,maapugin
2019,1146121825157636096,@alineeferrante before a leave brush my teeth with a bottle of Jack #amo,,maapugin
2019,1142972930424541187,@rafaborges____ KKKKKKKKKKK meus sinceros parab√©ns,,maapugin
2019,1140319407471771648,@anacruzzs para vai,,maapugin
2019,1140010263053312000,@LaranjoReal @anacruzzs,,maapugin
2019,1138239150233178115,@AliceTomazzetti https://t.co/5gqwuCn6p0,"[Gif(thumbnailUrl='https://pbs.twimg.com/tweet_video_thumb/D8vWdyjXsAE49Jn.jpg', variants=[VideoVariant(contentType='video/mp4', url='https://video.twimg.com/tweet_video/D8vWdyjXsAE49Jn.mp4', bitrate=0)])]",maapugin
2019,1128491757354856448,@isabellacabraI https://t.co/S3q7ndYPA8,"[Gif(thumbnailUrl='https://pbs.twimg.com/tweet_video_thumb/D6k1QxwWkAAq9xf.jpg', variants=[VideoVariant(contentType='video/mp4', url='https://video.twimg.com/tweet_video/D6k1QxwWkAAq9xf.mp4', bitrate=0)])]",maapugin
2019,1128490958440599553,@vihsebin https://t.co/4pn7SmyP5Z,"[Gif(thumbnailUrl='https://pbs.twimg.com/tweet_video_thumb/D6k0ikPWkAUsZT2.jpg', variants=[VideoVariant(contentType='video/mp4', url='https://video.twimg.com/tweet_video/D6k0ikPWkAUsZT2.mp4', bitrate=0)])]",maapugin
2019,1128090545467863042,"@anacruzzs af, eu n te aguentoüòç",,maapugin
2019,1126580360865878016,#NovaFotoDoPerfil https://t.co/S6GnHNktDY,"[Photo(previewUrl='https://pbs.twimg.com/media/D6Jq3ITXoAA0h6h?format=jpg&name=small', fullUrl='https://pbs.twimg.com/media/D6Jq3ITXoAA0h6h?format=jpg&name=large')]",maapugin
2019,1121567196960915459,@isabellacabraI respeita meu ascendente isabella,,maapugin
2019,1120098433069662208,@alineeferrante oi?,,maapugin
2019,1114634842354987009,@mamattos77 @AliceTomazzetti me economiza vc tb marcella,,maapugin
2019,1114634733407830018,"@AliceTomazzetti ah alice, me economiza vai",,maapugin
2019,1113848712567062533,"@AliceTomazzetti caralho, √© verdade",,maapugin
2019,1112024383743295490,@anacruzzs https://t.co/wuMIPlRg56,"[Gif(thumbnailUrl='https://pbs.twimg.com/tweet_video_thumb/D260RwOW0AI55ER.jpg', variants=[VideoVariant(contentType='video/mp4', url='https://video.twimg.com/tweet_video/D260RwOW0AI55ER.mp4', bitrate=0)])]",maapugin
2019,1111027974252318720,@isabellacabraI jerbera: marilia,,maapugin
2019,1110301805366444033,acho q to a mais ou menos a tarde inteira tentando fazer uma reda√ß√£o e n a o sai essa merda,,maapugin
2019,1109969997412159489,@mamattos77 de lei,,maapugin
2019,1103793575828045824,"@anacruzzs vaaaaza, chata √© vc",,maapugin
2019,1103784712538148870,shake your body baby s√≥ pra mim,,maapugin
2019,1103458720137334787,"volta logo, carnaval",,maapugin
2019,1100174110016094208,@Ale_fiochi @ana__cruzz que prova??,,maapugin
2019,1099855001919328257,@ana__cruzz √© nois,,maapugin
2019,1098756672590356485,@vihsebin ‚ù§Ô∏è,,maapugin
2019,1096495329946619906,@lu_malagutti nem eu kkkkkkk,,maapugin
2019,1096472592049938433,to querendo tanto,,maapugin
2019,1096439868043988992,@ana__cruzz @vihsebin vai de zap ent bb,,maapugin
2019,1096418512271273984,@vihsebin vc poderia me mandar essa preciosadade?,,maapugin
2019,1084913407067914240,@vihsebin @AliceTomazzetti @ArielleGolin @IsaNori2 @ana__cruzz ‚ù§Ô∏è,,maapugin
2019,1084810941026447362,@isabellacabraI quem nunca rsrs,,maapugin
2019,1084459486734110722,"@AliceTomazzetti credo alice, essa eu n esperava",,maapugin
2019,1083846544556724224,se um g√™nio aparecesse na minha frente agora eu s√≥ ia pedir pra passar o carnaval no rio,,maapugin
2019,1082793425253138432,"@ana__cruzz voltou pro seu habitat natural, sereia?",,maapugin
2019,1080219565714522112,@ana__cruzz acesso ele todos os dias,,maapugin
2019,1080215417606541313,@ana__cruzz https://t.co/ZrJK7MWj6B,,maapugin
2019,1080143885341507585,@alineeferrante üôÑ,,maapugin
2018,1078265660482949120,@ana__cruzz ü§§,,maapugin
2018,1077043099317227520,"@vihsebin aaaai, te amo demais! vc √© sensa vitüíï",,maapugin
2018,1076834297015881728,"@ana__cruzz sei nem o q dizer desse ano, poderia escrever um livro sobre ele de tanta coisa q aconteceu",,maapugin
2018,1076479997341286400,@isabellacabraI maravilhosa,,maapugin
2018,1074876689480585216,@isabellacabraI eu smp esperei por issoooo,,maapugin
2018,1073676560517992448,@AliceTomazzetti @ana__cruzz kkkkkkkkkkkkkk,,maapugin
2018,1073042909275021312,@ana__cruzz @swtcmilas KKKKKKK algu√©m tira a guarda dela,,maapugin
2018,1067851644556271618,@ana__cruzz √© n√©?,,maapugin
2018,1066968435488407553,@AliceTomazzetti sexto per√≠odo n√© kkkkkkkk,,maapugin
2018,1062840783005511680,@athinazpl1 de ma is cara,,maapugin
2018,1062810224124407808,√© cada coisa viu,,maapugin
2018,1059193160193183745,@ana__cruzz https://t.co/tv67G5JYNa,"[Gif(thumbnailUrl='https://pbs.twimg.com/tweet_video_thumb/DrMCjy5X0AEBfsq.jpg', variants=[VideoVariant(contentType='video/mp4', url='https://video.twimg.com/tweet_video/DrMCjy5X0AEBfsq.mp4', bitrate=0)])]",maapugin
2018,1058756102656012288,algu√©m volta esse ano pq n foi poss√≠vel absorver td q aconteceu,,maapugin
2018,1056671321634037760,retrocesso.,,maapugin
2018,1056294628490690560,@ana__cruzz vc √© sensacional ‚ù§Ô∏è,,maapugin
2018,1056292678256807943,@AliceTomazzetti ‚ù§Ô∏è‚ù§Ô∏è‚ù§Ô∏è‚ù§Ô∏è‚ù§Ô∏è‚ù§Ô∏è vc √© dms,,maapugin
2018,1054888968909664257,@isabellacabraI vooooltaaa,,maapugin
2018,1051961266850463753,#NovaFotoDoPerfil https://t.co/gwxNd5haXc,"[Photo(previewUrl='https://pbs.twimg.com/media/DplRMTUWsAEtj9b?format=jpg&name=small', fullUrl='https://pbs.twimg.com/media/DplRMTUWsAEtj9b?format=jpg&name=large')]",maapugin
2018,1051889350244487168,"@isabellacabraI aaaai como eu tenho sdds de vc e desses momentosss! pelo amor de deus, vamos combinar alguma coisa logo",,maapugin
2018,1047295925285244928,"conforme o tempo vai passando e vc se permite olhar as coisas de outro jeito, mta coisa muda",,maapugin
2018,1044416450692345856,fica a d√∫vida,,maapugin
2018,1043511239316578305,"@vihsebin @AliceTomazzetti aaah, passar fome vcs n v√£o, relaxa q tem duas su√≠tes reservadas pra vcs",,maapugin
2018,1043348513487298560,"@AliceTomazzetti enquanto vc ta vindo com a farinha to voltando com o bolo alice, j√° tenho minha rede de hot√©is planejad√≠ssima",,maapugin
2018,1043348287527501824,"@vihsebin @AliceTomazzetti vc viu n√© vit, a alice n cansa de me copiar",,maapugin
2018,1041484091051397120,@felipegenari ü§üüèº @athinazpl1,,maapugin
2018,1038240901087289344,@higorpaiva_ @larapugin,,maapugin
2018,1036734939235065856,n suporto dias nublados,,maapugin
2018,1023937822661726209,"obg f√©rias, volte smp e o mais r√°pido poss√≠vel",,maapugin
2018,1023937660321259520,@vihsebin kkkkkkkkkk mt vc,,maapugin
2018,1022625006415691776,@alineeferrante @gabvasa @vihsebin kkkkkkkkkkkkk,,maapugin
2018,1020503729466994688,@lu_malagutti v√°riossss,,maapugin
2018,1017579641287118849,@alineeferrante @otariano kkkkkkkk vou nem te falar nd,,maapugin
2018,1010160855697317888,que nervoso do caralho,,maapugin
2018,1008478887972655104,foda √© estar diante de uma situa√ß√£o que vc n√£o sabe como prosseguir,,maapugin
2018,1007316592991129600,queria ter bola de cristal pra saber o q passa pela cabe√ßa de algumas pessoas,,maapugin
2018,1005218922654765056,@lu_malagutti eca √© seu pez√£o gelado em mim hj,,maapugin
2018,1003462467647950849,@isabellacabraI @lu_malagutti mtasss,,maapugin
2018,1003286728738820096,"@lu_malagutti mano, eu nem vi isso acontecendo sua nersa",,maapugin
2018,1002002165492342784,@lu_malagutti üëø,,maapugin
2018,1000046039926296576,caminho sem volta,,maapugin
2018,999418993671884800,@ana__cruzz se eu n sei te amar sem sofeeerrrrr,,maapugin
2018,995045446484680707,"nossa mente √© trai√ßoeira, as vezes por conta de coisa boba a gnt pensa umas merdas",,maapugin
2018,994377201909948417,@vihsebin todo dia me surpreendo,,maapugin
2018,994004255265689601,@alineeferrante kkkkkkkkkkk,,maapugin
2018,993680796492992513,@alineeferrante  https://t.co/q0eR4jrbv4,"[Gif(thumbnailUrl='https://pbs.twimg.com/tweet_video_thumb/DcpDYsRWsAAarQw.jpg', variants=[VideoVariant(contentType='video/mp4', url='https://video.twimg.com/tweet_video/DcpDYsRWsAAarQw.mp4', bitrate=0)])]",maapugin
2018,993538393882681346,@ana__cruzz sem querer querendo,,maapugin
2018,993514418758709249,@ana__cruzz j√° pulou a segunda-feira n√© bonita,,maapugin
2018,992775467815047169,que agonia ficar desse jeito,,maapugin
2018,992613282736476160,@lu_malagutti n ta f√°cil pra ngm,,maapugin
2018,989644077175132166,@ana__cruzz #revoltada,,maapugin
2018,988526419402686465,n√£o √© nem poss√≠vel q o cara na net tinha a tarde inteira pra vir e chegou bem na hora q eu ia sair de casa,,maapugin
2018,987134326109286400,o dia q eu parar pra fazer alguma coisa sem me distrair com outra vou soltar roj√£o,,maapugin
2018,987133755746930688,@lu_malagutti entregando pra deus,,maapugin
2018,985928806786588674,@lu_malagutti j√° pode marcar unha se n vai acabar os hor√°rios,,maapugin
2018,985908553687949312,"quase tudo s√£o dois extremos, e isso dificulta ter qualquer tipo de estabilidade",,maapugin
2018,984253242782740480,"@lu_malagutti mas ta tendo q ser 520 lu, se n nem da",,maapugin
2018,983477647459213312,que bosta n√£o ter tempo de fazer outras coisas por motivos de: estudar,,maapugin
2018,981578056409272321,o q vai acontecer √© o q eu quero saber,,maapugin
2018,980639843574341632,querer n √© poder,,maapugin
2018,978319857358909441,"ir embora de viagem √© mt chato, eu sempre quero mais",,maapugin
2018,978076237527764992,@vihsebin KKKKKKK,,maapugin
2018,975405253842567171,"safada, bandida @lu_malagutti",,maapugin
2018,973966301742977024,"@lu_malagutti pera, a fila ta mt grande",,maapugin
2018,973965679119433729,@lu_malagutti da uma segurada que daqui a pouco passo ai pra te dar um,,maapugin
2018,967915424234033152,"@lu_malagutti n√£o da pra viver assim, querer sem poder te tocaaarrrrr",,maapugin
2018,965520846528892929,@isacxbral amo essa m√∫sicaaa,,maapugin
2018,964145881682468864,menos grosseria ia ser bom n√©,,maapugin
2018,962566953960464384,cuidado com o q faz,,maapugin
2018,962563941070245889,v√£o a merda,,maapugin
2018,961754425256706050,@lu_malagutti ‚ù§Ô∏è,,maapugin
2018,961754275725619200,@lu_malagutti se a vacina vencer complica n√©,,maapugin
2018,961395358038446080,"@ana__cruzz poxa ana lu√≠sa, vc precisa colocar o moletom n√©",,maapugin
2018,960691349338120192,@frasesdebebadas KKKKKK @lu_malagutti ops lu,,maapugin
2018,958855812323082248,@alineeferrante @otariano Bem issooo,,maapugin
2018,958733105514401792,@alineeferrante @Rebeccaxcp @tete_antoniolli @lully_partel @BiasiLivia Kkkkkkkk,,maapugin
2018,958509041592012802,@lu_malagutti Chegando em vccc,,maapugin
2018,958130156413079559,@cantadas2018 @lu_malagutti,,maapugin
2018,957441803103494144,@lu_malagutti Que meeeeerda √© essa,,maapugin
2018,957403153519071232,@lu_malagutti aaooo mamute‚ù§Ô∏è foi demais,,maapugin
2018,957380698909835264,@alineeferrante Hahahahahahah,,maapugin
2018,957370087580807171,"√© aquele neg√≥cio, Deus no c√©u e eu na sua",,maapugin
2018,955432838781980672,esse ano come√ßou com o p√© direto dps dessa viagem,,maapugin
2018,954558451459481600,passou t√£o r√°pido,,maapugin
2018,953411814108352513,se td mundo realmente fizesse o que quer...,,maapugin
2018,953376682173517824,Sensa√ß√£o sem igual,,maapugin
2018,953294480882401280,"@lu_malagutti Nossa, pegou pesado",,maapugin
2018,953120435067064320,@lu_malagutti Revoltada,,maapugin
2018,951260415081766919,@ana__cruzz Olhando pro nd pensando em td,,maapugin
2018,951104153744486400,@isacxbral Kkkkkkkk me contaa,,maapugin
2018,951058691763195906,sensa√ß√£o de estar tudo resolvido e sem problemas com o que te faz bem na vida √© bom demais,,maapugin
2018,949806505196433409,@isacxbral Embrazad√£oooo,,maapugin
2018,949574811797409797,vc ta me matando desse jeito,,maapugin
2018,947966428296212486,"@lu_malagutti n√£o eh mesmo, pq fogo de artif√≠cio brilha e vc n√£o",,maapugin
2017,947347059400761344,Sip√° q c√™ √© importante,,maapugin
2017,947164976082509825,@isacxbral Eu smp,,maapugin
2017,947164821966983169,@lu_malagutti Sai dessa pelo amor de Deus,,maapugin
2017,947164377517645824,@lu_malagutti Oi??,,maapugin
2017,946952527181959168,assim fica dif√≠cil,,maapugin
2017,946952007537123329,@lu_malagutti to indoo,,maapugin
2017,946527224332738560,quase q noisüé° @lu_malagutti,,maapugin
2017,945154791637946368,c√™ sabe q eu to aqui,,maapugin
2017,944894909298954240,"Puta que pariu, n√£o tem coisa mais chata que barulho de porta que n√£o fecha direito e fica batendo",,maapugin
2017,944656961731268608,@isacxbral Kkkkkkkkkkkk,,maapugin
2017,944630561632604160,Um singelo vai tomar no cu pra algumas coisas,,maapugin
2017,944579411306795008,ta chegandooo,,maapugin
2017,944572858512171016,nunca deixei pra comprar presente de amigo secreto t√£o em cima da hora que nem esse ano,,maapugin
2017,943496728929587200,essas f√©rias t√£o sendo boass,,maapugin
2017,943496369448374273,hj o dia ta cheio da emo√ß√µes,,maapugin
2017,943419314111172608,@ana__cruzz Kkkkkkkkkkkk n√≥s brilhamos Ana,,maapugin
2017,943332438524166144,Ta vendo aquela lua que brilha l√° no c√©u https://t.co/aFz89QtlEc,"[Photo(previewUrl='https://pbs.twimg.com/media/DRdj2OOWAAAH14Z?format=jpg&name=small', fullUrl='https://pbs.twimg.com/media/DRdj2OOWAAAH14Z?format=jpg&name=large')]",maapugin
2017,943325271628935169,brinca desse jeito longe de mim,,maapugin
2017,943322956402495488,√© mto triste passar o r√≠mel super bem pra ter que tirar dps,,maapugin
2017,942724382144770048,https://t.co/pTCfFWDPdk,"[Gif(thumbnailUrl='https://pbs.twimg.com/tweet_video_thumb/DRU60mJW4AIWOx2.jpg', variants=[VideoVariant(contentType='video/mp4', url='https://video.twimg.com/tweet_video/DRU60mJW4AIWOx2.mp4', bitrate=0)])]",maapugin
2017,942620532889018368,Que sensa√ß√£o horr√≠vel,,maapugin
2017,942381561764352000,@maconhudo @lu_malagutti,,maapugin
2017,942214544637775872,escolho surtar pq aturar n√£o ta dando,,maapugin
2017,941848868278493185,"ei, psiu, to te observando",,maapugin
2017,940992870252797952,duvida e inseguran√ßa s√£o impeditivos mt grandes,,maapugin
2017,940991854199427074,algu√©m me leva pra praia,,maapugin
2017,940577696257593344,"@enrico_saggio Nossa, verdade kkkkk",,maapugin
2017,940561209002209280,pro spotify ficar perfeito s√≥ tem q ter os funkinhos q n tem,,maapugin
2017,939517652220997633,"eu s√≥ achei q tava entendendo o q tava acontecendo, pq agr voltou na mesma confus√£o",,maapugin
2017,939124831513083904,@beca_dritt Kkkkkk,,maapugin
2017,938968670293852160,o mundo ta regredindo pq √© mto f√°cil se sentir acomodado e n√£o fazer esfor√ßo pra mudar,,maapugin
2017,938968004695556097,"te sinto t√£o longe, longe, longe, mas te quero perto",,maapugin
2017,938590157757919232,n√£o tem nada melhor que f√©rias,,maapugin
2017,937159557100556289,abra√ßo,,maapugin
2017,937157228783652864,@RecitouOriente @lu_malagutti kkkkk,,maapugin
2017,937101774489620482,toda vez q vou fazer qualquer coisa eu paro no caminho pq me distraio com outra coisa,,maapugin
2017,936693847186444293,queria te entender,,maapugin
2017,936624832648802304,@lu_malagutti @vihsebin @ana__cruzz N vamos parar kkkkk,,maapugin
2017,936573488655142912,@lu_malagutti Tem q pensar nessa ideia,,maapugin
2017,936412316219985921,@lu_malagutti Aii aii,,maapugin
2017,936412105015775232,@lu_malagutti ü§∑üèª‚Äç‚ôÄÔ∏èü§∑üèª‚Äç‚ôÄÔ∏è,,maapugin
2017,936396554818211840,@lu_malagutti @ana__cruzz @vihsebin Que d√≥,,maapugin
2017,936361201919037441,@ana__cruzz @vihsebin @lu_malagutti Kkkkkkkkk,,maapugin
2017,936028100189618177,@ThalessRampone ü§∑üèª‚Äç‚ôÄÔ∏è,,maapugin
2017,936015169557278721,"@ThalessRampone Nossa, pena que ningu√©m te perguntou",,maapugin
2017,935994675202351105,amo ela‚ò∫Ô∏è s√≥ queria q n enfiasse a cabe√ßa pra dentro quando eu chego perto https://t.co/zY2a88tQJr,"[Video(thumbnailUrl='https://pbs.twimg.com/ext_tw_video_thumb/935994582097113088/pu/img/sHQsipCFSRZkNmx2.jpg', variants=[VideoVariant(contentType='video/mp4', url='https://video.twimg.com/ext_tw_video/935994582097113088/pu/vid/360x640/XAnWjfSZzqjJO1lY.mp4', bitrate=832000), VideoVariant(contentType='video/mp4', url='https://video.twimg.com/ext_tw_video/935994582097113088/pu/vid/720x1280/EesN132fOaVvv9GZ.mp4', bitrate=2176000), VideoVariant(contentType='video/mp4', url='https://video.twimg.com/ext_tw_video/935994582097113088/pu/vid/180x320/eueWWgNJmgsIBsbb.mp4', bitrate=256000), VideoVariant(contentType='application/x-mpegURL', url='https://video.twimg.com/ext_tw_video/935994582097113088/pu/pl/qX5j2aYxgvfRxmBh.m3u8', bitrate=None)], duration=6.938, views=118)]",maapugin
2017,935991502957838341,@lu_malagutti @Divorciei Kkkkkkkkk demais,,maapugin
2017,935246062163546112,@beca_dritt @GabrielaRippi Kkkkkkkkk q indecente rebeca,,maapugin
2017,935139363142422528,@LiviaRBraga @beca_dritt @RafaelCPaulino @ana__cruzz Somos 3,,maapugin
2017,934916571344134147,I'm a mess,,maapugin
2017,934838849359851521,@ana__cruzz To nessa d√∫vida,,maapugin
2017,934782660928528384,@isacxbral Liiiinda,,maapugin
2017,934586926832734208,@lu_malagutti Kkkkkkkkk mamute √© vc,,maapugin
2017,934586851129806848,@ana__cruzz Aprendi c vc,,maapugin
2017,934575314717630464,#NovaFotoDoPerfil https://t.co/JofG4qs3NV,"[Photo(previewUrl='https://pbs.twimg.com/media/DPhHSqgWkAAcevl?format=jpg&name=small', fullUrl='https://pbs.twimg.com/media/DPhHSqgWkAAcevl?format=jpg&name=large')]",maapugin
2017,934574299561779200,To bem agr,,maapugin
2017,934487882844303360,aff,,maapugin
2017,934131923600932864,@alineeferrante Ata,,maapugin
2017,934131791811801088,@alineeferrante Queeeee? Que foto? Vc √© louca? Kkkkkk,,maapugin
2017,934131233164054529,@alineeferrante Kkkkkkkk amei ter minhas fts livres dessas coisas,,maapugin
2017,933840487781490690,"Credo, toca eu virar o pesco√ßo q ele estrala",,maapugin
2017,933837913275666437,Queria mudar tanta coisa mas nem sei por onde come√ßar,,maapugin
2017,933384427543162880,Penso frequentemente no quanto √© bom ter algumas pessoas na minha vida,,maapugin
2017,933383915527487488,Estudando pra √∫ltima prova gra√ßas ao tempo q t√° passando bem r√°pido,,maapugin
2017,933120359687180288,Merda atr√°s de merda,,maapugin
2017,932280139517440001,"Bom domingo pra vcs, obg por smp deixarem lembran√ßas na minha galeria https://t.co/oKKvHNEW5X","[Photo(previewUrl='https://pbs.twimg.com/media/DPAf0yoX4AA4loi?format=jpg&name=small', fullUrl='https://pbs.twimg.com/media/DPAf0yoX4AA4loi?format=jpg&name=large'), Photo(previewUrl='https://pbs.twimg.com/media/DPAf0ypWkAEBDne?format=jpg&name=small', fullUrl='https://pbs.twimg.com/media/DPAf0ypWkAEBDne?format=jpg&name=large'), Photo(previewUrl='https://pbs.twimg.com/media/DPAf0zcWAAAN5vi?format=jpg&name=small', fullUrl='https://pbs.twimg.com/media/DPAf0zcWAAAN5vi?format=jpg&name=large'), Photo(previewUrl='https://pbs.twimg.com/media/DPAf0yzXkAAIXG5?format=jpg&name=small', fullUrl='https://pbs.twimg.com/media/DPAf0yzXkAAIXG5?format=jpg&name=large')]",maapugin
2017,932203507742052352,Para que ta dando desgosto,,maapugin
2017,931684688795709441,J√° comi,,maapugin
2017,931201777789259776,@lu_malagutti ü§îü§î espero q nenhum kkkkk,,maapugin
2017,929815434295152640,Beeeesta,,maapugin
2017,929815086465798144,N√£o poder ajudar √© a pior coisa,,maapugin
2017,928388581252632576,Dibas,,maapugin
2017,928375737815650304,@lu_malagutti @Itssamdezz_ @vihsebin @ana__cruzz P√£ozinho com manteiga,,maapugin
2017,928315086489505795,To gastando meu 3G como se n houvesse amanh√£,,maapugin
2017,928043474678673414,Melhor rir do que chorar,,maapugin
2017,927002162705596416,@lu_malagutti Lindinhass,,maapugin
2017,926913838011813888,@alineeferrante Vc √© um exemplo de aluna mesmo kkkkkkkk,,maapugin
2017,926909721038254081,@alineeferrante Kkkkkkkk como assim,,maapugin
2017,926785333131468800,√â t√£o bom estar com quem te faz bem,,maapugin
2017,926784965030768644,"@beca_dritt Eu n√£o quero, eu preciso",,maapugin
2017,926638722644398080,@lu_malagutti Deixa em off,,maapugin
2017,925752447485833218,@lu_malagutti Mucha mierda,,maapugin
2017,925751905762074624,@lu_malagutti KKKKK,,maapugin
2017,925145247528771584,"eu penso demais em td, qualquer dia eu enlouque√ßo",,maapugin
2017,925032366858559488,@lu_malagutti üòìü§ß,,maapugin
2017,924411389426446342,@lu_malagutti Eu tbm kkkkkk,,maapugin
2017,924411246115479552,@lu_malagutti üòèüòè,,maapugin
2017,923592129389256705,"Que coisa louca √© essa de querer deixar tudo planejado, deus me dibre",,maapugin
2017,923591942679810048,Fim de semana √© sempre muito curto pra fazer tudo que eu quero,,maapugin
2017,923589964776067072,Amo quando a minha irm√£ vem,,maapugin
2017,922974515310800898,@lu_malagutti Ci√∫mes Lu? Certeza?,,maapugin
2017,922973959997612032,@lu_malagutti Kkkkkkkkkkk,,maapugin
2017,922973937297960960,@lu_malagutti *mudo minha cara na hora,,maapugin
2017,922565468145065984,"Eu amo hor√°rio de ver√£o, mas perco a no√ß√£o do tempo",,maapugin
2017,922192709170925568,@lu_malagutti ü§îüòè,,maapugin
2017,921819587217326080,"Fiquei com raiva agora, ns, desde quando n√£o posso comprar o que eu quero pq √© currrrtooooooo, por essa eu n√£o esperava",,maapugin
2017,921818976098938882,Queria todas aquelas roupas,,maapugin
2017,920755563524485127,@lu_malagutti @vihsebin @ana__cruzz Essa foi com tudo,,maapugin
2017,920755229771083778,@vihsebin @lu_malagutti Gordof√≥bicas kkkkkkkk,,maapugin
2017,920675932473647105,"@ana__cruzz Aii, vc foi assim p mimm",,maapugin
2017,920264695541567489,@Ale_fiochi @lu_malagutti N√£o to competindo com ngm,,maapugin
2017,920264574842101760,@lu_malagutti To mesmo,,maapugin
2017,920264557016297472,@lu_malagutti KKKKKKKKK,,maapugin
2017,920084640815345670,@ana__cruzz Falasse antes poooo,,maapugin
2017,919992786505621504,@Ale_fiochi q lindos,,maapugin
2017,919957241247170561,@ThalessRampone C√™ viu?,,maapugin
2017,919931410315661312,#NovaFotoDoPerfil https://t.co/gkXrkrIXzv,"[Photo(previewUrl='https://pbs.twimg.com/media/DMRAvE4X4AAfeyK?format=jpg&name=small', fullUrl='https://pbs.twimg.com/media/DMRAvE4X4AAfeyK?format=jpg&name=large')]",maapugin
2017,919930812165959680,@ana__cruzz Igualmente sua linnndaaaaa‚ù§Ô∏è,,maapugin
2017,919930717567627265,@ana__cruzz Aaaaaaahhh,,maapugin
2017,919688915732353024,Que vontade de me esconder da vida real e voltar pra l√°,,maapugin
2017,919688821893206016,Sem palavras pra esses dias,,maapugin
2017,919361732220542977,@beca_dritt Que palha√ßada,,maapugin
2017,919085286193319936,Que sensa√ß√£o boa que esse lugar traz,,maapugin
2017,918272508859764737,@lu_malagutti ?,,maapugin
2017,917103493470740480,"Aahhhhh, tenho mta coisa pra fazer",,maapugin
2017,917014015741710336,"@_mateusmonte Eu diria mais que lindas, beautiful",,maapugin
2017,917013477637722114,"@ThomasBorlenghi Eu n√£o te sigo meuu, vou fazer isso agr",,maapugin
2017,916878854727364609,mta coisa pra minha cabe√ßa,,maapugin
2017,916878330716094464,Oooooo coisa boa https://t.co/XKVuvcnFQc,"[Photo(previewUrl='https://pbs.twimg.com/media/DLln9d3W4AA_YTS?format=jpg&name=small', fullUrl='https://pbs.twimg.com/media/DLln9d3W4AA_YTS?format=jpg&name=large')]",maapugin
2017,916086519026331649,"@ThalessRampone Nossa Thales, mais amor",,maapugin
2017,915323719362506752,@lu_malagutti @Ale_fiochi1 N√£o tem jeito n√£o,,maapugin
2017,914893244923809792,@ThalessRampone üòß,,maapugin
2017,914777347559186432,Acordei mais cedo que o alarme e s√≥ to pensando que daqui a pouco ele vai tocar e vou ter q levantar da minha cama https://t.co/juaRjt2CD6,"[Gif(thumbnailUrl='https://pbs.twimg.com/tweet_video_thumb/DLHxJLyWAAA9YNk.jpg', variants=[VideoVariant(contentType='video/mp4', url='https://video.twimg.com/tweet_video/DLHxJLyWAAA9YNk.mp4', bitrate=0)])]",maapugin
2017,914686703490748417,@ana__cruzz Igualmente kkkkkkk rindo de nervoso,,maapugin
2017,907035795265081344,Tem hora q da vontade de https://t.co/3xBgpfrAKR,"[Photo(previewUrl='https://pbs.twimg.com/media/DJZwPfzWAAYdnG5?format=jpg&name=small', fullUrl='https://pbs.twimg.com/media/DJZwPfzWAAYdnG5?format=jpg&name=large')]",maapugin
2017,907034675578843136,Feriado melhor q esse s√≥ 12 de outubro üòÜ,,maapugin
2017,907033998307848192,Mais feriados como esse por favor,,maapugin
2017,905215218275540998,"√â t√£o bom conversar com gente boa, q √© legal sem querer algo em troca",,maapugin
2017,902714105873752064,Vontade de abra√ßar,,maapugin
2017,901969903141445633,Amanh√£ √© segunda e minha cabe√ßa j√° t√° no fim de semana,,maapugin
2017,898345159296811009,@lu_malagutti üò§üñïüèΩ,,maapugin
2017,895067004134080512,Que coisa louca,,maapugin
2017,894376130685399040,#NovaFotoDoPerfil https://t.co/feO6xstzz4,"[Photo(previewUrl='https://pbs.twimg.com/media/DGl2WMHW0AAJO2B?format=jpg&name=small', fullUrl='https://pbs.twimg.com/media/DGl2WMHW0AAJO2B?format=jpg&name=large')]",maapugin
2017,894369026440351745,Passa dos limites e nem tem a pachorra de se tocar,,maapugin
2017,890035222322040833,"Ah, se fosse poss√≠vel voltar no tempo",,maapugin
2017,889252635152441344,Gosto de gente q faz quest√£o de estar junto,,maapugin
2017,888489679326261248,3G podia ser de gra√ßa e infinito,,maapugin
2017,887719614431584257,Que saudadessss,,maapugin
2017,886055794390822912,To precisando de um rod√≠zio de japon√™s,,maapugin
2017,883538671068229633,Odeio qdo n sei bem o q falar pra poder ajudar quem eu amo,,maapugin
2017,883527754930679808,"√â t√£o bom conseguir tacar o foda-se, mas qdo o motivo n deixa, a gnt q se fode",,maapugin
2017,883070924328763394,N√£o da pra esperar mto de algumas pessoas,,maapugin
